,time,metrics,=recvTokenSize,=QueueSize,=deviceKvCache,+WAITING,+RUNNING,+PENDING,+END,=replyTokenSize
1,1727940490718397.0,{'=recvTokenSize': 4.0},4.0,,,,,,,
2,1727940490739292.5,{'=QueueSize': 1.0},,1.0,,,,,,
5,1727940490744390.2,{'=deviceKvCache': 1978.0},,,1978.0,,,,,
6,1727940490744432.5,"{'+WAITING': -1.0, '+RUNNING': 1.0}",,,,-1.0,1.0,,,
7,1727940490744456.0,{'=QueueSize': 0.0},,0.0,,,,,,
8,1727940490744513.2,{'=QueueSize': 1.0},,1.0,,,,,,
10,1727940490798665.8,"{'+RUNNING': -1.0, '+PENDING': 1.0}",,,,,-1.0,1.0,,
12,1727940490798779.8,"{'+RUNNING': 1.0, '+PENDING': -1.0}",,,,,1.0,-1.0,,
14,1727940490865825.8,"{'+RUNNING': -1.0, '+PENDING': 1.0}",,,,,-1.0,1.0,,
16,1727940490865950.8,"{'+RUNNING': 1.0, '+PENDING': -1.0}",,,,,1.0,-1.0,,
18,1727940490888013.2,"{'+RUNNING': -1.0, '+PENDING': 1.0}",,,,,-1.0,1.0,,
20,1727940490888132.2,"{'+RUNNING': 1.0, '+PENDING': -1.0}",,,,,1.0,-1.0,,
22,1727940490908268.2,"{'+RUNNING': -1.0, '+PENDING': 1.0}",,,,,-1.0,1.0,,
24,1727940490908374.5,"{'+RUNNING': 1.0, '+PENDING': -1.0}",,,,,1.0,-1.0,,
26,1727940490928276.5,"{'+RUNNING': -1.0, '+PENDING': 1.0}",,,,,-1.0,1.0,,
28,1727940490928351.8,"{'+RUNNING': 1.0, '+PENDING': -1.0}",,,,,1.0,-1.0,,
30,1727940490948304.0,"{'+RUNNING': -1.0, '+PENDING': 1.0}",,,,,-1.0,1.0,,
32,1727940490948382.5,"{'+RUNNING': 1.0, '+PENDING': -1.0}",,,,,1.0,-1.0,,
34,1727940490968246.2,"{'+RUNNING': -1.0, '+PENDING': 1.0}",,,,,-1.0,1.0,,
36,1727940490968310.2,"{'+RUNNING': 1.0, '+PENDING': -1.0}",,,,,1.0,-1.0,,
38,1727940490988253.8,"{'+RUNNING': -1.0, '+PENDING': 1.0}",,,,,-1.0,1.0,,
40,1727940490988326.0,"{'+RUNNING': 1.0, '+PENDING': -1.0}",,,,,1.0,-1.0,,
42,1727940491008193.8,"{'+RUNNING': -1.0, '+PENDING': 1.0}",,,,,-1.0,1.0,,
44,1727940491008304.2,"{'+RUNNING': 1.0, '+PENDING': -1.0}",,,,,1.0,-1.0,,
46,1727940491028102.2,"{'+RUNNING': -1.0, '+PENDING': 1.0}",,,,,-1.0,1.0,,
48,1727940491028170.8,"{'+RUNNING': 1.0, '+PENDING': -1.0}",,,,,1.0,-1.0,,
50,1727940491048060.8,"{'+RUNNING': -1.0, '+PENDING': 1.0}",,,,,-1.0,1.0,,
52,1727940491048135.8,"{'+RUNNING': 1.0, '+PENDING': -1.0}",,,,,1.0,-1.0,,
54,1727940491067973.8,"{'+RUNNING': -1.0, '+PENDING': 1.0}",,,,,-1.0,1.0,,
56,1727940491068071.0,"{'+RUNNING': 1.0, '+PENDING': -1.0}",,,,,1.0,-1.0,,
58,1727940491087862.0,"{'+RUNNING': -1.0, '+PENDING': 1.0}",,,,,-1.0,1.0,,
60,1727940491087927.0,"{'+RUNNING': 1.0, '+PENDING': -1.0}",,,,,1.0,-1.0,,
62,1727940491107796.2,"{'+RUNNING': -1.0, '+PENDING': 1.0}",,,,,-1.0,1.0,,
64,1727940491107862.5,"{'+RUNNING': 1.0, '+PENDING': -1.0}",,,,,1.0,-1.0,,
66,1727940491127668.2,"{'+RUNNING': -1.0, '+PENDING': 1.0}",,,,,-1.0,1.0,,
68,1727940491127731.5,"{'+RUNNING': 1.0, '+PENDING': -1.0}",,,,,1.0,-1.0,,
70,1727940491147579.8,"{'+RUNNING': -1.0, '+PENDING': 1.0}",,,,,-1.0,1.0,,
72,1727940491147661.5,"{'+RUNNING': 1.0, '+PENDING': -1.0}",,,,,1.0,-1.0,,
74,1727940491167470.0,"{'+RUNNING': -1.0, '+PENDING': 1.0}",,,,,-1.0,1.0,,
76,1727940491167560.5,"{'+RUNNING': 1.0, '+PENDING': -1.0}",,,,,1.0,-1.0,,
78,1727940491187304.8,"{'+RUNNING': -1.0, '+PENDING': 1.0}",,,,,-1.0,1.0,,
80,1727940491187372.2,"{'+RUNNING': 1.0, '+PENDING': -1.0}",,,,,1.0,-1.0,,
82,1727940491207144.0,"{'+RUNNING': -1.0, '+PENDING': 1.0}",,,,,-1.0,1.0,,
84,1727940491207215.0,"{'+RUNNING': 1.0, '+PENDING': -1.0}",,,,,1.0,-1.0,,
86,1727940491227132.8,"{'+RUNNING': -1.0, '+PENDING': 1.0}",,,,,-1.0,1.0,,
88,1727940491227205.8,"{'+RUNNING': 1.0, '+PENDING': -1.0}",,,,,1.0,-1.0,,
90,1727940491247042.5,"{'+RUNNING': -1.0, '+PENDING': 1.0}",,,,,-1.0,1.0,,
92,1727940491247117.5,"{'+RUNNING': 1.0, '+PENDING': -1.0}",,,,,1.0,-1.0,,
94,1727940491266982.2,"{'+RUNNING': -1.0, '+PENDING': 1.0}",,,,,-1.0,1.0,,
96,1727940491267057.2,"{'+RUNNING': 1.0, '+PENDING': -1.0}",,,,,1.0,-1.0,,
98,1727940491286810.8,"{'+RUNNING': -1.0, '+PENDING': 1.0}",,,,,-1.0,1.0,,
100,1727940491286878.0,"{'+RUNNING': 1.0, '+PENDING': -1.0}",,,,,1.0,-1.0,,
102,1727940491306738.8,"{'+RUNNING': -1.0, '+PENDING': 1.0}",,,,,-1.0,1.0,,
104,1727940491306839.8,"{'+RUNNING': 1.0, '+PENDING': -1.0}",,,,,1.0,-1.0,,
106,1727940491326940.0,"{'+RUNNING': -1.0, '+PENDING': 1.0}",,,,,-1.0,1.0,,
108,1727940491327071.0,"{'+RUNNING': 1.0, '+PENDING': -1.0}",,,,,1.0,-1.0,,
110,1727940491347305.2,"{'+RUNNING': -1.0, '+PENDING': 1.0}",,,,,-1.0,1.0,,
112,1727940491347399.2,"{'+RUNNING': 1.0, '+PENDING': -1.0}",,,,,1.0,-1.0,,
114,1727940491367438.0,"{'+RUNNING': -1.0, '+PENDING': 1.0}",,,,,-1.0,1.0,,
116,1727940491367517.8,"{'+RUNNING': 1.0, '+PENDING': -1.0}",,,,,1.0,-1.0,,
118,1727940491387416.2,"{'+RUNNING': -1.0, '+PENDING': 1.0}",,,,,-1.0,1.0,,
120,1727940491387492.5,"{'+RUNNING': 1.0, '+PENDING': -1.0}",,,,,1.0,-1.0,,
122,1727940491407364.2,"{'+RUNNING': -1.0, '+PENDING': 1.0}",,,,,-1.0,1.0,,
124,1727940491407432.2,"{'+RUNNING': 1.0, '+PENDING': -1.0}",,,,,1.0,-1.0,,
126,1727940491427319.8,"{'+RUNNING': -1.0, '+PENDING': 1.0}",,,,,-1.0,1.0,,
128,1727940491427405.8,"{'+RUNNING': 1.0, '+PENDING': -1.0}",,,,,1.0,-1.0,,
130,1727940491447252.2,"{'+RUNNING': -1.0, '+PENDING': 1.0}",,,,,-1.0,1.0,,
132,1727940491447324.2,"{'+RUNNING': 1.0, '+PENDING': -1.0}",,,,,1.0,-1.0,,
134,1727940491467275.8,"{'+RUNNING': -1.0, '+PENDING': 1.0}",,,,,-1.0,1.0,,
136,1727940491467344.8,"{'+RUNNING': 1.0, '+PENDING': -1.0}",,,,,1.0,-1.0,,
138,1727940491487234.2,"{'+RUNNING': -1.0, '+PENDING': 1.0}",,,,,-1.0,1.0,,
140,1727940491487348.8,"{'+RUNNING': 1.0, '+PENDING': -1.0}",,,,,1.0,-1.0,,
142,1727940491507238.8,"{'+RUNNING': -1.0, '+PENDING': 1.0}",,,,,-1.0,1.0,,
144,1727940491507314.0,"{'+RUNNING': 1.0, '+PENDING': -1.0}",,,,,1.0,-1.0,,
146,1727940491527159.2,"{'+RUNNING': -1.0, '+PENDING': 1.0}",,,,,-1.0,1.0,,
148,1727940491527237.5,"{'+RUNNING': 1.0, '+PENDING': -1.0}",,,,,1.0,-1.0,,
150,1727940491547006.8,"{'+RUNNING': -1.0, '+PENDING': 1.0}",,,,,-1.0,1.0,,
152,1727940491547077.0,"{'+RUNNING': 1.0, '+PENDING': -1.0}",,,,,1.0,-1.0,,
154,1727940491566990.5,"{'+RUNNING': -1.0, '+PENDING': 1.0}",,,,,-1.0,1.0,,
156,1727940491567062.8,"{'+RUNNING': 1.0, '+PENDING': -1.0}",,,,,1.0,-1.0,,
158,1727940491587149.5,"{'+RUNNING': -1.0, '+PENDING': 1.0}",,,,,-1.0,1.0,,
160,1727940491587230.8,"{'+RUNNING': 1.0, '+PENDING': -1.0}",,,,,1.0,-1.0,,
162,1727940491607334.0,"{'+RUNNING': -1.0, '+PENDING': 1.0}",,,,,-1.0,1.0,,
164,1727940491607406.8,"{'+RUNNING': 1.0, '+PENDING': -1.0}",,,,,1.0,-1.0,,
166,1727940491627435.0,"{'+RUNNING': -1.0, '+PENDING': 1.0}",,,,,-1.0,1.0,,
168,1727940491627526.5,"{'+RUNNING': 1.0, '+PENDING': -1.0}",,,,,1.0,-1.0,,
170,1727940491648053.5,"{'+RUNNING': -1.0, '+PENDING': 1.0}",,,,,-1.0,1.0,,
172,1727940491648163.0,"{'+RUNNING': 1.0, '+PENDING': -1.0}",,,,,1.0,-1.0,,
174,1727940491668747.5,"{'+RUNNING': -1.0, '+PENDING': 1.0}",,,,,-1.0,1.0,,
176,1727940491668813.8,"{'+RUNNING': 1.0, '+PENDING': -1.0}",,,,,1.0,-1.0,,
178,1727940491688746.5,"{'+RUNNING': -1.0, '+PENDING': 1.0}",,,,,-1.0,1.0,,
180,1727940491688814.0,"{'+RUNNING': 1.0, '+PENDING': -1.0}",,,,,1.0,-1.0,,
182,1727940491710333.2,"{'+RUNNING': -1.0, '+PENDING': 1.0}",,,,,-1.0,1.0,,
184,1727940491710473.8,"{'+RUNNING': 1.0, '+PENDING': -1.0}",,,,,1.0,-1.0,,
186,1727940491730278.5,"{'+RUNNING': -1.0, '+PENDING': 1.0}",,,,,-1.0,1.0,,
188,1727940491730363.0,"{'+RUNNING': 1.0, '+PENDING': -1.0}",,,,,1.0,-1.0,,
190,1727940491750144.2,"{'+RUNNING': -1.0, '+PENDING': 1.0}",,,,,-1.0,1.0,,
192,1727940491750234.8,"{'+RUNNING': 1.0, '+PENDING': -1.0}",,,,,1.0,-1.0,,
194,1727940491769958.5,"{'+RUNNING': -1.0, '+PENDING': 1.0}",,,,,-1.0,1.0,,
196,1727940491770027.2,"{'+RUNNING': 1.0, '+PENDING': -1.0}",,,,,1.0,-1.0,,
198,1727940491789785.2,"{'+RUNNING': -1.0, '+PENDING': 1.0}",,,,,-1.0,1.0,,
200,1727940491789858.2,"{'+RUNNING': 1.0, '+PENDING': -1.0}",,,,,1.0,-1.0,,
202,1727940491809572.0,"{'+RUNNING': -1.0, '+PENDING': 1.0}",,,,,-1.0,1.0,,
204,1727940491809676.5,"{'+RUNNING': 1.0, '+PENDING': -1.0}",,,,,1.0,-1.0,,
206,1727940491829454.0,"{'+RUNNING': -1.0, '+PENDING': 1.0}",,,,,-1.0,1.0,,
208,1727940491829532.2,"{'+RUNNING': 1.0, '+PENDING': -1.0}",,,,,1.0,-1.0,,
210,1727940491849396.0,"{'+RUNNING': -1.0, '+PENDING': 1.0}",,,,,-1.0,1.0,,
212,1727940491849467.5,"{'+RUNNING': 1.0, '+PENDING': -1.0}",,,,,1.0,-1.0,,
214,1727940491869183.2,"{'+RUNNING': -1.0, '+PENDING': 1.0}",,,,,-1.0,1.0,,
216,1727940491869251.8,"{'+RUNNING': 1.0, '+PENDING': -1.0}",,,,,1.0,-1.0,,
218,1727940491889078.0,"{'+RUNNING': -1.0, '+PENDING': 1.0}",,,,,-1.0,1.0,,
220,1727940491889152.8,"{'+RUNNING': 1.0, '+PENDING': -1.0}",,,,,1.0,-1.0,,
222,1727940491908965.8,"{'+RUNNING': -1.0, '+PENDING': 1.0}",,,,,-1.0,1.0,,
224,1727940491909047.0,"{'+RUNNING': 1.0, '+PENDING': -1.0}",,,,,1.0,-1.0,,
226,1727940491935321.0,"{'+RUNNING': -1.0, '+PENDING': 1.0}",,,,,-1.0,1.0,,
228,1727940491935428.5,"{'+RUNNING': 1.0, '+PENDING': -1.0}",,,,,1.0,-1.0,,
230,1727940491956129.2,"{'+RUNNING': -1.0, '+PENDING': 1.0}",,,,,-1.0,1.0,,
232,1727940491956221.5,"{'+RUNNING': 1.0, '+PENDING': -1.0}",,,,,1.0,-1.0,,
234,1727940491976205.8,"{'+RUNNING': -1.0, '+PENDING': 1.0}",,,,,-1.0,1.0,,
236,1727940491976296.8,"{'+RUNNING': 1.0, '+PENDING': -1.0}",,,,,1.0,-1.0,,
238,1727940491996077.2,"{'+RUNNING': -1.0, '+PENDING': 1.0}",,,,,-1.0,1.0,,
240,1727940491996141.5,"{'+RUNNING': 1.0, '+PENDING': -1.0}",,,,,1.0,-1.0,,
242,1727940492015883.0,"{'+RUNNING': -1.0, '+PENDING': 1.0}",,,,,-1.0,1.0,,
244,1727940492015944.8,"{'+RUNNING': 1.0, '+PENDING': -1.0}",,,,,1.0,-1.0,,
246,1727940492036222.5,"{'+RUNNING': -1.0, '+PENDING': 1.0}",,,,,-1.0,1.0,,
248,1727940492036281.8,"{'+RUNNING': 1.0, '+PENDING': -1.0}",,,,,1.0,-1.0,,
250,1727940492056090.5,"{'+RUNNING': -1.0, '+PENDING': 1.0}",,,,,-1.0,1.0,,
252,1727940492056164.5,"{'+RUNNING': 1.0, '+PENDING': -1.0}",,,,,1.0,-1.0,,
254,1727940492075890.2,"{'+RUNNING': -1.0, '+PENDING': 1.0}",,,,,-1.0,1.0,,
256,1727940492075986.8,"{'+RUNNING': 1.0, '+PENDING': -1.0}",,,,,1.0,-1.0,,
258,1727940492097078.2,"{'+RUNNING': -1.0, '+PENDING': 1.0}",,,,,-1.0,1.0,,
260,1727940492097148.5,"{'+RUNNING': 1.0, '+PENDING': -1.0}",,,,,1.0,-1.0,,
262,1727940492117134.8,"{'+RUNNING': -1.0, '+PENDING': 1.0}",,,,,-1.0,1.0,,
264,1727940492117202.2,"{'+RUNNING': 1.0, '+PENDING': -1.0}",,,,,1.0,-1.0,,
266,1727940492137173.2,"{'+RUNNING': -1.0, '+PENDING': 1.0}",,,,,-1.0,1.0,,
268,1727940492137315.5,"{'+RUNNING': 1.0, '+PENDING': -1.0}",,,,,1.0,-1.0,,
270,1727940492157316.2,"{'+RUNNING': -1.0, '+PENDING': 1.0}",,,,,-1.0,1.0,,
272,1727940492157416.2,"{'+RUNNING': 1.0, '+PENDING': -1.0}",,,,,1.0,-1.0,,
274,1727940492177530.8,"{'+RUNNING': -1.0, '+PENDING': 1.0}",,,,,-1.0,1.0,,
276,1727940492177607.8,"{'+RUNNING': 1.0, '+PENDING': -1.0}",,,,,1.0,-1.0,,
278,1727940492198077.5,"{'+RUNNING': -1.0, '+PENDING': 1.0}",,,,,-1.0,1.0,,
280,1727940492198158.5,"{'+RUNNING': 1.0, '+PENDING': -1.0}",,,,,1.0,-1.0,,
282,1727940492218090.2,"{'+RUNNING': -1.0, '+PENDING': 1.0}",,,,,-1.0,1.0,,
284,1727940492218169.5,"{'+RUNNING': 1.0, '+PENDING': -1.0}",,,,,1.0,-1.0,,
286,1727940492238015.8,"{'+RUNNING': -1.0, '+PENDING': 1.0}",,,,,-1.0,1.0,,
288,1727940492238135.8,"{'+RUNNING': 1.0, '+PENDING': -1.0}",,,,,1.0,-1.0,,
290,1727940492258048.0,"{'+RUNNING': -1.0, '+PENDING': 1.0}",,,,,-1.0,1.0,,
292,1727940492258122.5,"{'+RUNNING': 1.0, '+PENDING': -1.0}",,,,,1.0,-1.0,,
294,1727940492278121.0,"{'+RUNNING': -1.0, '+PENDING': 1.0}",,,,,-1.0,1.0,,
296,1727940492278196.2,"{'+RUNNING': 1.0, '+PENDING': -1.0}",,,,,1.0,-1.0,,
298,1727940492298077.2,"{'+RUNNING': -1.0, '+PENDING': 1.0}",,,,,-1.0,1.0,,
300,1727940492298155.0,"{'+RUNNING': 1.0, '+PENDING': -1.0}",,,,,1.0,-1.0,,
302,1727940492318045.0,"{'+RUNNING': -1.0, '+PENDING': 1.0}",,,,,-1.0,1.0,,
304,1727940492318137.2,"{'+RUNNING': 1.0, '+PENDING': -1.0}",,,,,1.0,-1.0,,
306,1727940492342921.2,"{'+RUNNING': -1.0, '+PENDING': 1.0}",,,,,-1.0,1.0,,
308,1727940492343045.8,"{'+RUNNING': 1.0, '+PENDING': -1.0}",,,,,1.0,-1.0,,
310,1727940492370916.8,"{'+RUNNING': -1.0, '+PENDING': 1.0}",,,,,-1.0,1.0,,
312,1727940492371020.8,"{'+RUNNING': 1.0, '+PENDING': -1.0}",,,,,1.0,-1.0,,
314,1727940492391360.5,"{'+RUNNING': -1.0, '+PENDING': 1.0}",,,,,-1.0,1.0,,
316,1727940492391437.8,"{'+RUNNING': 1.0, '+PENDING': -1.0}",,,,,1.0,-1.0,,
318,1727940492411430.0,"{'+RUNNING': -1.0, '+PENDING': 1.0}",,,,,-1.0,1.0,,
320,1727940492411550.5,"{'+RUNNING': 1.0, '+PENDING': -1.0}",,,,,1.0,-1.0,,
322,1727940492431389.8,"{'+RUNNING': -1.0, '+PENDING': 1.0}",,,,,-1.0,1.0,,
324,1727940492431471.0,"{'+RUNNING': 1.0, '+PENDING': -1.0}",,,,,1.0,-1.0,,
326,1727940492451381.2,"{'+RUNNING': -1.0, '+PENDING': 1.0}",,,,,-1.0,1.0,,
328,1727940492451475.0,"{'+RUNNING': 1.0, '+PENDING': -1.0}",,,,,1.0,-1.0,,
330,1727940492471418.0,"{'+RUNNING': -1.0, '+PENDING': 1.0}",,,,,-1.0,1.0,,
332,1727940492471497.2,"{'+RUNNING': 1.0, '+PENDING': -1.0}",,,,,1.0,-1.0,,
334,1727940492491495.0,"{'+RUNNING': -1.0, '+PENDING': 1.0}",,,,,-1.0,1.0,,
336,1727940492491585.5,"{'+RUNNING': 1.0, '+PENDING': -1.0}",,,,,1.0,-1.0,,
338,1727940492511488.2,"{'+RUNNING': -1.0, '+PENDING': 1.0}",,,,,-1.0,1.0,,
340,1727940492511615.0,"{'+RUNNING': 1.0, '+PENDING': -1.0}",,,,,1.0,-1.0,,
342,1727940492531446.0,"{'+RUNNING': -1.0, '+PENDING': 1.0}",,,,,-1.0,1.0,,
344,1727940492531527.0,"{'+RUNNING': 1.0, '+PENDING': -1.0}",,,,,1.0,-1.0,,
346,1727940492551459.2,"{'+RUNNING': -1.0, '+PENDING': 1.0}",,,,,-1.0,1.0,,
348,1727940492551539.0,"{'+RUNNING': 1.0, '+PENDING': -1.0}",,,,,1.0,-1.0,,
350,1727940492572229.5,"{'+RUNNING': -1.0, '+PENDING': 1.0}",,,,,-1.0,1.0,,
352,1727940492572350.0,"{'+RUNNING': 1.0, '+PENDING': -1.0}",,,,,1.0,-1.0,,
354,1727940492592325.0,"{'+RUNNING': -1.0, '+PENDING': 1.0}",,,,,-1.0,1.0,,
356,1727940492592407.8,"{'+RUNNING': 1.0, '+PENDING': -1.0}",,,,,1.0,-1.0,,
358,1727940492612491.2,"{'+RUNNING': -1.0, '+PENDING': 1.0}",,,,,-1.0,1.0,,
360,1727940492612572.5,"{'+RUNNING': 1.0, '+PENDING': -1.0}",,,,,1.0,-1.0,,
362,1727940492632630.5,"{'+RUNNING': -1.0, '+PENDING': 1.0}",,,,,-1.0,1.0,,
364,1727940492632729.5,"{'+RUNNING': 1.0, '+PENDING': -1.0}",,,,,1.0,-1.0,,
366,1727940492652798.8,"{'+RUNNING': -1.0, '+PENDING': 1.0}",,,,,-1.0,1.0,,
368,1727940492652915.2,"{'+RUNNING': 1.0, '+PENDING': -1.0}",,,,,1.0,-1.0,,
370,1727940492673073.8,"{'+RUNNING': -1.0, '+PENDING': 1.0}",,,,,-1.0,1.0,,
372,1727940492673203.8,"{'+RUNNING': 1.0, '+PENDING': -1.0}",,,,,1.0,-1.0,,
374,1727940492693115.8,"{'+RUNNING': -1.0, '+PENDING': 1.0}",,,,,-1.0,1.0,,
376,1727940492693189.2,"{'+RUNNING': 1.0, '+PENDING': -1.0}",,,,,1.0,-1.0,,
378,1727940492713203.0,"{'+RUNNING': -1.0, '+PENDING': 1.0}",,,,,-1.0,1.0,,
380,1727940492713283.0,"{'+RUNNING': 1.0, '+PENDING': -1.0}",,,,,1.0,-1.0,,
382,1727940492733297.8,"{'+RUNNING': -1.0, '+PENDING': 1.0}",,,,,-1.0,1.0,,
384,1727940492733370.5,"{'+RUNNING': 1.0, '+PENDING': -1.0}",,,,,1.0,-1.0,,
386,1727940492753367.0,"{'+RUNNING': -1.0, '+PENDING': 1.0}",,,,,-1.0,1.0,,
388,1727940492753454.8,"{'+RUNNING': 1.0, '+PENDING': -1.0}",,,,,1.0,-1.0,,
390,1727940492773457.2,"{'+RUNNING': -1.0, '+PENDING': 1.0}",,,,,-1.0,1.0,,
392,1727940492773525.2,"{'+RUNNING': 1.0, '+PENDING': -1.0}",,,,,1.0,-1.0,,
394,1727940492793515.0,"{'+RUNNING': -1.0, '+PENDING': 1.0}",,,,,-1.0,1.0,,
396,1727940492793589.0,"{'+RUNNING': 1.0, '+PENDING': -1.0}",,,,,1.0,-1.0,,
398,1727940492813580.8,"{'+RUNNING': -1.0, '+PENDING': 1.0}",,,,,-1.0,1.0,,
400,1727940492813659.2,"{'+RUNNING': 1.0, '+PENDING': -1.0}",,,,,1.0,-1.0,,
402,1727940492833719.0,"{'+RUNNING': -1.0, '+PENDING': 1.0}",,,,,-1.0,1.0,,
404,1727940492833845.5,"{'+RUNNING': 1.0, '+PENDING': -1.0}",,,,,1.0,-1.0,,
406,1727940492860650.5,"{'+RUNNING': -1.0, '+PENDING': 1.0}",,,,,-1.0,1.0,,
408,1727940492860759.5,"{'+RUNNING': 1.0, '+PENDING': -1.0}",,,,,1.0,-1.0,,
410,1727940492881067.5,"{'+RUNNING': -1.0, '+PENDING': 1.0}",,,,,-1.0,1.0,,
412,1727940492881134.2,"{'+RUNNING': 1.0, '+PENDING': -1.0}",,,,,1.0,-1.0,,
414,1727940492901181.0,"{'+RUNNING': -1.0, '+PENDING': 1.0}",,,,,-1.0,1.0,,
416,1727940492901300.2,"{'+RUNNING': 1.0, '+PENDING': -1.0}",,,,,1.0,-1.0,,
418,1727940492921286.2,"{'+RUNNING': -1.0, '+PENDING': 1.0}",,,,,-1.0,1.0,,
420,1727940492921360.5,"{'+RUNNING': 1.0, '+PENDING': -1.0}",,,,,1.0,-1.0,,
422,1727940492941442.8,"{'+RUNNING': -1.0, '+PENDING': 1.0}",,,,,-1.0,1.0,,
424,1727940492941539.0,"{'+RUNNING': 1.0, '+PENDING': -1.0}",,,,,1.0,-1.0,,
426,1727940492961559.5,"{'+RUNNING': -1.0, '+PENDING': 1.0}",,,,,-1.0,1.0,,
428,1727940492961627.5,"{'+RUNNING': 1.0, '+PENDING': -1.0}",,,,,1.0,-1.0,,
430,1727940492981545.5,"{'+RUNNING': -1.0, '+PENDING': 1.0}",,,,,-1.0,1.0,,
432,1727940492981627.0,"{'+RUNNING': 1.0, '+PENDING': -1.0}",,,,,1.0,-1.0,,
434,1727940493001618.8,"{'+RUNNING': -1.0, '+PENDING': 1.0}",,,,,-1.0,1.0,,
436,1727940493003034.0,"{'+RUNNING': 1.0, '+PENDING': -1.0}",,,,,1.0,-1.0,,
438,1727940493023400.2,"{'+RUNNING': -1.0, '+PENDING': 1.0}",,,,,-1.0,1.0,,
440,1727940493023483.0,"{'+RUNNING': 1.0, '+PENDING': -1.0}",,,,,1.0,-1.0,,
442,1727940493043702.0,"{'+RUNNING': -1.0, '+PENDING': 1.0}",,,,,-1.0,1.0,,
444,1727940493043778.5,"{'+RUNNING': 1.0, '+PENDING': -1.0}",,,,,1.0,-1.0,,
446,1727940493063872.2,"{'+RUNNING': -1.0, '+PENDING': 1.0}",,,,,-1.0,1.0,,
448,1727940493063946.2,"{'+RUNNING': 1.0, '+PENDING': -1.0}",,,,,1.0,-1.0,,
450,1727940493083979.2,"{'+RUNNING': -1.0, '+PENDING': 1.0}",,,,,-1.0,1.0,,
452,1727940493084060.8,"{'+RUNNING': 1.0, '+PENDING': -1.0}",,,,,1.0,-1.0,,
454,1727940493104218.5,"{'+RUNNING': -1.0, '+PENDING': 1.0}",,,,,-1.0,1.0,,
456,1727940493104297.8,"{'+RUNNING': 1.0, '+PENDING': -1.0}",,,,,1.0,-1.0,,
458,1727940493124327.5,"{'+RUNNING': -1.0, '+PENDING': 1.0}",,,,,-1.0,1.0,,
460,1727940493124413.0,"{'+RUNNING': 1.0, '+PENDING': -1.0}",,,,,1.0,-1.0,,
462,1727940493144594.2,"{'+RUNNING': -1.0, '+PENDING': 1.0}",,,,,-1.0,1.0,,
464,1727940493144684.8,"{'+RUNNING': 1.0, '+PENDING': -1.0}",,,,,1.0,-1.0,,
466,1727940493165002.5,"{'+RUNNING': -1.0, '+PENDING': 1.0}",,,,,-1.0,1.0,,
468,1727940493165115.5,"{'+RUNNING': 1.0, '+PENDING': -1.0}",,,,,1.0,-1.0,,
470,1727940493185247.0,"{'+RUNNING': -1.0, '+PENDING': 1.0}",,,,,-1.0,1.0,,
472,1727940493185324.0,"{'+RUNNING': 1.0, '+PENDING': -1.0}",,,,,1.0,-1.0,,
474,1727940493205523.8,"{'+RUNNING': -1.0, '+PENDING': 1.0}",,,,,-1.0,1.0,,
476,1727940493205667.5,"{'+RUNNING': 1.0, '+PENDING': -1.0}",,,,,1.0,-1.0,,
478,1727940493227942.8,"{'+RUNNING': -1.0, '+PENDING': 1.0}",,,,,-1.0,1.0,,
480,1727940493228021.5,"{'+RUNNING': 1.0, '+PENDING': -1.0}",,,,,1.0,-1.0,,
482,1727940493248174.8,"{'+RUNNING': -1.0, '+PENDING': 1.0}",,,,,-1.0,1.0,,
484,1727940493248255.2,"{'+RUNNING': 1.0, '+PENDING': -1.0}",,,,,1.0,-1.0,,
486,1727940493268375.2,"{'+RUNNING': -1.0, '+PENDING': 1.0}",,,,,-1.0,1.0,,
488,1727940493268452.5,"{'+RUNNING': 1.0, '+PENDING': -1.0}",,,,,1.0,-1.0,,
490,1727940493288526.8,"{'+RUNNING': -1.0, '+PENDING': 1.0}",,,,,-1.0,1.0,,
492,1727940493288627.2,"{'+RUNNING': 1.0, '+PENDING': -1.0}",,,,,1.0,-1.0,,
494,1727940493308609.2,"{'+RUNNING': -1.0, '+PENDING': 1.0}",,,,,-1.0,1.0,,
496,1727940493308697.0,"{'+RUNNING': 1.0, '+PENDING': -1.0}",,,,,1.0,-1.0,,
498,1727940493328642.8,"{'+RUNNING': -1.0, '+PENDING': 1.0}",,,,,-1.0,1.0,,
500,1727940493328710.8,"{'+RUNNING': 1.0, '+PENDING': -1.0}",,,,,1.0,-1.0,,
502,1727940493348606.8,"{'+RUNNING': -1.0, '+PENDING': 1.0}",,,,,-1.0,1.0,,
504,1727940493348721.8,"{'+RUNNING': 1.0, '+PENDING': -1.0}",,,,,1.0,-1.0,,
506,1727940493368654.2,"{'+RUNNING': -1.0, '+PENDING': 1.0}",,,,,-1.0,1.0,,
508,1727940493368731.5,{'=deviceKvCache': 1977.0},,,1977.0,,,,,
509,1727940493368759.2,"{'+RUNNING': 1.0, '+PENDING': -1.0}",,,,,1.0,-1.0,,
511,1727940493388887.8,"{'+RUNNING': -1.0, '+PENDING': 1.0}",,,,,-1.0,1.0,,
513,1727940493388956.2,"{'+RUNNING': 1.0, '+PENDING': -1.0}",,,,,1.0,-1.0,,
515,1727940493408837.0,"{'+RUNNING': -1.0, '+PENDING': 1.0}",,,,,-1.0,1.0,,
517,1727940493408966.5,"{'+RUNNING': 1.0, '+PENDING': -1.0}",,,,,1.0,-1.0,,
519,1727940493428830.0,"{'+RUNNING': -1.0, '+PENDING': 1.0}",,,,,-1.0,1.0,,
521,1727940493428897.8,"{'+RUNNING': 1.0, '+PENDING': -1.0}",,,,,1.0,-1.0,,
523,1727940493448788.8,"{'+RUNNING': -1.0, '+PENDING': 1.0}",,,,,-1.0,1.0,,
525,1727940493448887.2,"{'+RUNNING': 1.0, '+PENDING': -1.0}",,,,,1.0,-1.0,,
527,1727940493468727.5,"{'+RUNNING': -1.0, '+PENDING': 1.0}",,,,,-1.0,1.0,,
529,1727940493468815.5,"{'+RUNNING': 1.0, '+PENDING': -1.0}",,,,,1.0,-1.0,,
531,1727940493488808.5,"{'+RUNNING': -1.0, '+PENDING': 1.0}",,,,,-1.0,1.0,,
533,1727940493488875.0,"{'+RUNNING': 1.0, '+PENDING': -1.0}",,,,,1.0,-1.0,,
535,1727940493508774.5,"{'+RUNNING': -1.0, '+PENDING': 1.0}",,,,,-1.0,1.0,,
537,1727940493508882.2,"{'+RUNNING': 1.0, '+PENDING': -1.0}",,,,,1.0,-1.0,,
539,1727940493528765.2,"{'+RUNNING': -1.0, '+PENDING': 1.0}",,,,,-1.0,1.0,,
541,1727940493528862.2,"{'+RUNNING': 1.0, '+PENDING': -1.0}",,,,,1.0,-1.0,,
543,1727940493548691.8,"{'+RUNNING': -1.0, '+PENDING': 1.0}",,,,,-1.0,1.0,,
545,1727940493548767.0,"{'+RUNNING': 1.0, '+PENDING': -1.0}",,,,,1.0,-1.0,,
547,1727940493568734.5,"{'+RUNNING': -1.0, '+PENDING': 1.0}",,,,,-1.0,1.0,,
549,1727940493568853.8,"{'+RUNNING': 1.0, '+PENDING': -1.0}",,,,,1.0,-1.0,,
551,1727940493588935.8,"{'+RUNNING': -1.0, '+PENDING': 1.0}",,,,,-1.0,1.0,,
553,1727940493589025.0,"{'+RUNNING': 1.0, '+PENDING': -1.0}",,,,,1.0,-1.0,,
555,1727940493609053.2,"{'+RUNNING': -1.0, '+PENDING': 1.0}",,,,,-1.0,1.0,,
557,1727940493609132.0,"{'+RUNNING': 1.0, '+PENDING': -1.0}",,,,,1.0,-1.0,,
559,1727940493629137.5,"{'+RUNNING': -1.0, '+PENDING': 1.0}",,,,,-1.0,1.0,,
561,1727940493629223.2,"{'+RUNNING': 1.0, '+PENDING': -1.0}",,,,,1.0,-1.0,,
563,1727940493650013.0,"{'+RUNNING': -1.0, '+PENDING': 1.0}",,,,,-1.0,1.0,,
565,1727940493650115.8,"{'+RUNNING': 1.0, '+PENDING': -1.0}",,,,,1.0,-1.0,,
567,1727940493670278.5,"{'+RUNNING': -1.0, '+PENDING': 1.0}",,,,,-1.0,1.0,,
569,1727940493670391.0,"{'+RUNNING': 1.0, '+PENDING': -1.0}",,,,,1.0,-1.0,,
571,1727940493690595.2,"{'+RUNNING': -1.0, '+PENDING': 1.0}",,,,,-1.0,1.0,,
573,1727940493690690.2,"{'+RUNNING': 1.0, '+PENDING': -1.0}",,,,,1.0,-1.0,,
575,1727940493710726.8,"{'+RUNNING': -1.0, '+PENDING': 1.0}",,,,,-1.0,1.0,,
577,1727940493710867.5,"{'+RUNNING': 1.0, '+PENDING': -1.0}",,,,,1.0,-1.0,,
579,1727940493730944.2,"{'+RUNNING': -1.0, '+PENDING': 1.0}",,,,,-1.0,1.0,,
581,1727940493731060.2,"{'+RUNNING': 1.0, '+PENDING': -1.0}",,,,,1.0,-1.0,,
583,1727940493751119.2,"{'+RUNNING': -1.0, '+PENDING': 1.0}",,,,,-1.0,1.0,,
585,1727940493751198.8,"{'+RUNNING': 1.0, '+PENDING': -1.0}",,,,,1.0,-1.0,,
587,1727940493771358.5,"{'+RUNNING': -1.0, '+PENDING': 1.0}",,,,,-1.0,1.0,,
589,1727940493771443.5,"{'+RUNNING': 1.0, '+PENDING': -1.0}",,,,,1.0,-1.0,,
591,1727940493791612.8,"{'+RUNNING': -1.0, '+PENDING': 1.0}",,,,,-1.0,1.0,,
593,1727940493791703.5,"{'+RUNNING': 1.0, '+PENDING': -1.0}",,,,,1.0,-1.0,,
595,1727940493812223.5,"{'+RUNNING': -1.0, '+PENDING': 1.0}",,,,,-1.0,1.0,,
597,1727940493812314.8,"{'+RUNNING': 1.0, '+PENDING': -1.0}",,,,,1.0,-1.0,,
599,1727940493833088.8,"{'+RUNNING': -1.0, '+PENDING': 1.0}",,,,,-1.0,1.0,,
601,1727940493833249.2,"{'+RUNNING': 1.0, '+PENDING': -1.0}",,,,,1.0,-1.0,,
603,1727940493853924.2,"{'+RUNNING': -1.0, '+PENDING': 1.0}",,,,,-1.0,1.0,,
605,1727940493854026.2,"{'+RUNNING': 1.0, '+PENDING': -1.0}",,,,,1.0,-1.0,,
607,1727940493874709.5,"{'+RUNNING': -1.0, '+PENDING': 1.0}",,,,,-1.0,1.0,,
609,1727940493874830.0,"{'+RUNNING': 1.0, '+PENDING': -1.0}",,,,,1.0,-1.0,,
611,1727940493895408.8,"{'+RUNNING': -1.0, '+PENDING': 1.0}",,,,,-1.0,1.0,,
613,1727940493895535.0,"{'+RUNNING': 1.0, '+PENDING': -1.0}",,,,,1.0,-1.0,,
615,1727940493916011.5,"{'+RUNNING': -1.0, '+PENDING': 1.0}",,,,,-1.0,1.0,,
617,1727940493916129.0,"{'+RUNNING': 1.0, '+PENDING': -1.0}",,,,,1.0,-1.0,,
619,1727940493936729.5,"{'+RUNNING': -1.0, '+PENDING': 1.0}",,,,,-1.0,1.0,,
621,1727940493936830.8,"{'+RUNNING': 1.0, '+PENDING': -1.0}",,,,,1.0,-1.0,,
623,1727940493957448.0,"{'+RUNNING': -1.0, '+PENDING': 1.0}",,,,,-1.0,1.0,,
625,1727940493957537.5,"{'+RUNNING': 1.0, '+PENDING': -1.0}",,,,,1.0,-1.0,,
627,1727940493978234.2,"{'+RUNNING': -1.0, '+PENDING': 1.0}",,,,,-1.0,1.0,,
629,1727940493978330.2,"{'+RUNNING': 1.0, '+PENDING': -1.0}",,,,,1.0,-1.0,,
631,1727940493999229.8,"{'+RUNNING': -1.0, '+PENDING': 1.0}",,,,,-1.0,1.0,,
633,1727940493999377.0,"{'+RUNNING': 1.0, '+PENDING': -1.0}",,,,,1.0,-1.0,,
635,1727940494020350.2,"{'+RUNNING': -1.0, '+PENDING': 1.0}",,,,,-1.0,1.0,,
637,1727940494020456.2,"{'+RUNNING': 1.0, '+PENDING': -1.0}",,,,,1.0,-1.0,,
639,1727940494040976.0,"{'+RUNNING': -1.0, '+PENDING': 1.0}",,,,,-1.0,1.0,,
641,1727940494041076.5,"{'+RUNNING': 1.0, '+PENDING': -1.0}",,,,,1.0,-1.0,,
643,1727940494062682.8,"{'+RUNNING': -1.0, '+PENDING': 1.0}",,,,,-1.0,1.0,,
645,1727940494062881.0,"{'+RUNNING': 1.0, '+PENDING': -1.0}",,,,,1.0,-1.0,,
647,1727940494083551.8,"{'+RUNNING': -1.0, '+PENDING': 1.0}",,,,,-1.0,1.0,,
649,1727940494083654.5,"{'+RUNNING': 1.0, '+PENDING': -1.0}",,,,,1.0,-1.0,,
651,1727940494104194.2,"{'+RUNNING': -1.0, '+PENDING': 1.0}",,,,,-1.0,1.0,,
653,1727940494104303.8,"{'+RUNNING': 1.0, '+PENDING': -1.0}",,,,,1.0,-1.0,,
655,1727940494124521.0,"{'+RUNNING': -1.0, '+PENDING': 1.0}",,,,,-1.0,1.0,,
657,1727940494124621.2,"{'+RUNNING': 1.0, '+PENDING': -1.0}",,,,,1.0,-1.0,,
659,1727940494144848.5,"{'+RUNNING': -1.0, '+PENDING': 1.0}",,,,,-1.0,1.0,,
661,1727940494144957.0,"{'+RUNNING': 1.0, '+PENDING': -1.0}",,,,,1.0,-1.0,,
663,1727940494164945.0,"{'+RUNNING': -1.0, '+PENDING': 1.0}",,,,,-1.0,1.0,,
665,1727940494165125.5,"{'+RUNNING': 1.0, '+PENDING': -1.0}",,,,,1.0,-1.0,,
667,1727940494186258.2,"{'+RUNNING': -1.0, '+PENDING': 1.0}",,,,,-1.0,1.0,,
669,1727940494186335.5,"{'+RUNNING': 1.0, '+PENDING': -1.0}",,,,,1.0,-1.0,,
671,1727940494206609.2,"{'+RUNNING': -1.0, '+PENDING': 1.0}",,,,,-1.0,1.0,,
673,1727940494206706.0,"{'+RUNNING': 1.0, '+PENDING': -1.0}",,,,,1.0,-1.0,,
675,1727940494226826.5,"{'+RUNNING': -1.0, '+PENDING': 1.0}",,,,,-1.0,1.0,,
677,1727940494226906.2,"{'+RUNNING': 1.0, '+PENDING': -1.0}",,,,,1.0,-1.0,,
679,1727940494246972.5,"{'+RUNNING': -1.0, '+PENDING': 1.0}",,,,,-1.0,1.0,,
681,1727940494247052.0,"{'+RUNNING': 1.0, '+PENDING': -1.0}",,,,,1.0,-1.0,,
683,1727940494267377.2,"{'+RUNNING': -1.0, '+PENDING': 1.0}",,,,,-1.0,1.0,,
685,1727940494267475.2,"{'+RUNNING': 1.0, '+PENDING': -1.0}",,,,,1.0,-1.0,,
687,1727940494288008.0,"{'+RUNNING': -1.0, '+PENDING': 1.0}",,,,,-1.0,1.0,,
689,1727940494288099.8,"{'+RUNNING': 1.0, '+PENDING': -1.0}",,,,,1.0,-1.0,,
691,1727940494308291.5,"{'+RUNNING': -1.0, '+PENDING': 1.0}",,,,,-1.0,1.0,,
693,1727940494308380.2,"{'+RUNNING': 1.0, '+PENDING': -1.0}",,,,,1.0,-1.0,,
695,1727940494328426.2,"{'+RUNNING': -1.0, '+PENDING': 1.0}",,,,,-1.0,1.0,,
697,1727940494328621.2,"{'+RUNNING': 1.0, '+PENDING': -1.0}",,,,,1.0,-1.0,,
699,1727940494348712.0,"{'+RUNNING': -1.0, '+PENDING': 1.0}",,,,,-1.0,1.0,,
701,1727940494348819.5,"{'+RUNNING': 1.0, '+PENDING': -1.0}",,,,,1.0,-1.0,,
703,1727940494368978.2,"{'+RUNNING': -1.0, '+PENDING': 1.0}",,,,,-1.0,1.0,,
705,1727940494369102.0,"{'+RUNNING': 1.0, '+PENDING': -1.0}",,,,,1.0,-1.0,,
707,1727940494389425.5,"{'+RUNNING': -1.0, '+PENDING': 1.0}",,,,,-1.0,1.0,,
709,1727940494389624.0,"{'+RUNNING': 1.0, '+PENDING': -1.0}",,,,,1.0,-1.0,,
711,1727940494409748.2,"{'+RUNNING': -1.0, '+PENDING': 1.0}",,,,,-1.0,1.0,,
713,1727940494409852.8,"{'+RUNNING': 1.0, '+PENDING': -1.0}",,,,,1.0,-1.0,,
715,1727940494431750.5,"{'+RUNNING': -1.0, '+PENDING': 1.0}",,,,,-1.0,1.0,,
717,1727940494431874.2,"{'+RUNNING': 1.0, '+PENDING': -1.0}",,,,,1.0,-1.0,,
719,1727940494452816.8,"{'+RUNNING': -1.0, '+PENDING': 1.0}",,,,,-1.0,1.0,,
721,1727940494452906.8,"{'+RUNNING': 1.0, '+PENDING': -1.0}",,,,,1.0,-1.0,,
723,1727940494473280.5,"{'+RUNNING': -1.0, '+PENDING': 1.0}",,,,,-1.0,1.0,,
725,1727940494473389.5,"{'+RUNNING': 1.0, '+PENDING': -1.0}",,,,,1.0,-1.0,,
727,1727940494493614.5,"{'+RUNNING': -1.0, '+PENDING': 1.0}",,,,,-1.0,1.0,,
729,1727940494493770.8,"{'+RUNNING': 1.0, '+PENDING': -1.0}",,,,,1.0,-1.0,,
731,1727940494514427.5,"{'+RUNNING': -1.0, '+PENDING': 1.0}",,,,,-1.0,1.0,,
733,1727940494514521.0,"{'+RUNNING': 1.0, '+PENDING': -1.0}",,,,,1.0,-1.0,,
735,1727940494535717.0,"{'+RUNNING': -1.0, '+PENDING': 1.0}",,,,,-1.0,1.0,,
737,1727940494535819.0,"{'+RUNNING': 1.0, '+PENDING': -1.0}",,,,,1.0,-1.0,,
739,1727940494556624.0,"{'+RUNNING': -1.0, '+PENDING': 1.0}",,,,,-1.0,1.0,,
741,1727940494556795.5,"{'+RUNNING': 1.0, '+PENDING': -1.0}",,,,,1.0,-1.0,,
743,1727940494577593.2,"{'+RUNNING': -1.0, '+PENDING': 1.0}",,,,,-1.0,1.0,,
745,1727940494577725.5,"{'+RUNNING': 1.0, '+PENDING': -1.0}",,,,,1.0,-1.0,,
747,1727940494598587.2,"{'+RUNNING': -1.0, '+PENDING': 1.0}",,,,,-1.0,1.0,,
749,1727940494598676.2,"{'+RUNNING': 1.0, '+PENDING': -1.0}",,,,,1.0,-1.0,,
751,1727940494618876.2,"{'+RUNNING': -1.0, '+PENDING': 1.0}",,,,,-1.0,1.0,,
753,1727940494618967.8,"{'+RUNNING': 1.0, '+PENDING': -1.0}",,,,,1.0,-1.0,,
755,1727940494648143.8,"{'+RUNNING': -1.0, '+PENDING': 1.0}",,,,,-1.0,1.0,,
757,1727940494648268.8,"{'+RUNNING': 1.0, '+PENDING': -1.0}",,,,,1.0,-1.0,,
759,1727940494669014.2,"{'+RUNNING': -1.0, '+PENDING': 1.0}",,,,,-1.0,1.0,,
761,1727940494669182.5,"{'+RUNNING': 1.0, '+PENDING': -1.0}",,,,,1.0,-1.0,,
763,1727940494689346.2,"{'+RUNNING': -1.0, '+PENDING': 1.0}",,,,,-1.0,1.0,,
765,1727940494689443.5,"{'+RUNNING': 1.0, '+PENDING': -1.0}",,,,,1.0,-1.0,,
767,1727940494709778.5,"{'+RUNNING': -1.0, '+PENDING': 1.0}",,,,,-1.0,1.0,,
769,1727940494709876.0,"{'+RUNNING': 1.0, '+PENDING': -1.0}",,,,,1.0,-1.0,,
771,1727940494730119.5,"{'+RUNNING': -1.0, '+PENDING': 1.0}",,,,,-1.0,1.0,,
773,1727940494730290.2,"{'+RUNNING': 1.0, '+PENDING': -1.0}",,,,,1.0,-1.0,,
775,1727940494753783.2,"{'+RUNNING': -1.0, '+PENDING': 1.0}",,,,,-1.0,1.0,,
777,1727940494753900.5,"{'+RUNNING': 1.0, '+PENDING': -1.0}",,,,,1.0,-1.0,,
779,1727940494774497.5,"{'+RUNNING': -1.0, '+PENDING': 1.0}",,,,,-1.0,1.0,,
781,1727940494774599.2,"{'+RUNNING': 1.0, '+PENDING': -1.0}",,,,,1.0,-1.0,,
783,1727940494794862.8,"{'+RUNNING': -1.0, '+PENDING': 1.0}",,,,,-1.0,1.0,,
785,1727940494794960.5,"{'+RUNNING': 1.0, '+PENDING': -1.0}",,,,,1.0,-1.0,,
787,1727940494815502.5,"{'+RUNNING': -1.0, '+PENDING': 1.0}",,,,,-1.0,1.0,,
789,1727940494815612.8,"{'+RUNNING': 1.0, '+PENDING': -1.0}",,,,,1.0,-1.0,,
791,1727940494836097.2,"{'+RUNNING': -1.0, '+PENDING': 1.0}",,,,,-1.0,1.0,,
793,1727940494836223.8,"{'+RUNNING': 1.0, '+PENDING': -1.0}",,,,,1.0,-1.0,,
795,1727940494856461.8,"{'+RUNNING': -1.0, '+PENDING': 1.0}",,,,,-1.0,1.0,,
797,1727940494856569.8,"{'+RUNNING': 1.0, '+PENDING': -1.0}",,,,,1.0,-1.0,,
799,1727940494876796.0,"{'+RUNNING': -1.0, '+PENDING': 1.0}",,,,,-1.0,1.0,,
801,1727940494876877.2,"{'+RUNNING': 1.0, '+PENDING': -1.0}",,,,,1.0,-1.0,,
803,1727940494897085.0,"{'+RUNNING': -1.0, '+PENDING': 1.0}",,,,,-1.0,1.0,,
805,1727940494897241.0,"{'+RUNNING': 1.0, '+PENDING': -1.0}",,,,,1.0,-1.0,,
807,1727940494917491.0,"{'+RUNNING': -1.0, '+PENDING': 1.0}",,,,,-1.0,1.0,,
809,1727940494917566.0,"{'+RUNNING': 1.0, '+PENDING': -1.0}",,,,,1.0,-1.0,,
811,1727940494938003.2,"{'+RUNNING': -1.0, '+PENDING': 1.0}",,,,,-1.0,1.0,,
813,1727940494938101.8,"{'+RUNNING': 1.0, '+PENDING': -1.0}",,,,,1.0,-1.0,,
815,1727940494958523.0,"{'+RUNNING': -1.0, '+PENDING': 1.0}",,,,,-1.0,1.0,,
817,1727940494958606.0,"{'+RUNNING': 1.0, '+PENDING': -1.0}",,,,,1.0,-1.0,,
819,1727940494978881.5,"{'+RUNNING': -1.0, '+PENDING': 1.0}",,,,,-1.0,1.0,,
821,1727940494978967.5,"{'+RUNNING': 1.0, '+PENDING': -1.0}",,,,,1.0,-1.0,,
823,1727940494999149.8,"{'+RUNNING': -1.0, '+PENDING': 1.0}",,,,,-1.0,1.0,,
825,1727940494999277.0,"{'+RUNNING': 1.0, '+PENDING': -1.0}",,,,,1.0,-1.0,,
827,1727940495019395.8,"{'+RUNNING': -1.0, '+PENDING': 1.0}",,,,,-1.0,1.0,,
829,1727940495019496.2,"{'+RUNNING': 1.0, '+PENDING': -1.0}",,,,,1.0,-1.0,,
831,1727940495039654.5,"{'+RUNNING': -1.0, '+PENDING': 1.0}",,,,,-1.0,1.0,,
833,1727940495039746.5,"{'+RUNNING': 1.0, '+PENDING': -1.0}",,,,,1.0,-1.0,,
835,1727940495059787.5,"{'+RUNNING': -1.0, '+PENDING': 1.0}",,,,,-1.0,1.0,,
837,1727940495059932.2,"{'+RUNNING': 1.0, '+PENDING': -1.0}",,,,,1.0,-1.0,,
839,1727940495079957.8,"{'+RUNNING': -1.0, '+PENDING': 1.0}",,,,,-1.0,1.0,,
841,1727940495080050.5,"{'+RUNNING': 1.0, '+PENDING': -1.0}",,,,,1.0,-1.0,,
843,1727940495100179.0,"{'+RUNNING': -1.0, '+PENDING': 1.0}",,,,,-1.0,1.0,,
845,1727940495100269.0,"{'+RUNNING': 1.0, '+PENDING': -1.0}",,,,,1.0,-1.0,,
847,1727940495120362.0,"{'+RUNNING': -1.0, '+PENDING': 1.0}",,,,,-1.0,1.0,,
849,1727940495120484.2,"{'+RUNNING': 1.0, '+PENDING': -1.0}",,,,,1.0,-1.0,,
851,1727940495140699.2,"{'+RUNNING': -1.0, '+PENDING': 1.0}",,,,,-1.0,1.0,,
853,1727940495140783.8,"{'+RUNNING': 1.0, '+PENDING': -1.0}",,,,,1.0,-1.0,,
855,1727940495160838.8,"{'+RUNNING': -1.0, '+PENDING': 1.0}",,,,,-1.0,1.0,,
857,1727940495160969.0,"{'+RUNNING': 1.0, '+PENDING': -1.0}",,,,,1.0,-1.0,,
859,1727940495181058.5,"{'+RUNNING': -1.0, '+PENDING': 1.0}",,,,,-1.0,1.0,,
861,1727940495181163.0,"{'+RUNNING': 1.0, '+PENDING': -1.0}",,,,,1.0,-1.0,,
863,1727940495201274.0,"{'+RUNNING': -1.0, '+PENDING': 1.0}",,,,,-1.0,1.0,,
865,1727940495201361.2,"{'+RUNNING': 1.0, '+PENDING': -1.0}",,,,,1.0,-1.0,,
867,1727940495221487.8,"{'+RUNNING': -1.0, '+PENDING': 1.0}",,,,,-1.0,1.0,,
869,1727940495221576.8,"{'+RUNNING': 1.0, '+PENDING': -1.0}",,,,,1.0,-1.0,,
871,1727940495241768.8,"{'+RUNNING': -1.0, '+PENDING': 1.0}",,,,,-1.0,1.0,,
873,1727940495241912.0,"{'+RUNNING': 1.0, '+PENDING': -1.0}",,,,,1.0,-1.0,,
875,1727940495261919.5,"{'+RUNNING': -1.0, '+PENDING': 1.0}",,,,,-1.0,1.0,,
877,1727940495261997.5,"{'+RUNNING': 1.0, '+PENDING': -1.0}",,,,,1.0,-1.0,,
879,1727940495282041.8,"{'+RUNNING': -1.0, '+PENDING': 1.0}",,,,,-1.0,1.0,,
881,1727940495282121.0,"{'+RUNNING': 1.0, '+PENDING': -1.0}",,,,,1.0,-1.0,,
883,1727940495302071.5,"{'+RUNNING': -1.0, '+PENDING': 1.0}",,,,,-1.0,1.0,,
885,1727940495302169.0,"{'+RUNNING': 1.0, '+PENDING': -1.0}",,,,,1.0,-1.0,,
887,1727940495323262.8,"{'+RUNNING': -1.0, '+PENDING': 1.0}",,,,,-1.0,1.0,,
889,1727940495323344.0,"{'+RUNNING': 1.0, '+PENDING': -1.0}",,,,,1.0,-1.0,,
891,1727940495343517.2,"{'+RUNNING': -1.0, '+PENDING': 1.0}",,,,,-1.0,1.0,,
893,1727940495343639.0,"{'+RUNNING': 1.0, '+PENDING': -1.0}",,,,,1.0,-1.0,,
895,1727940495363786.5,"{'+RUNNING': -1.0, '+PENDING': 1.0}",,,,,-1.0,1.0,,
897,1727940495363860.2,"{'+RUNNING': 1.0, '+PENDING': -1.0}",,,,,1.0,-1.0,,
899,1727940495384042.0,"{'+RUNNING': -1.0, '+PENDING': 1.0}",,,,,-1.0,1.0,,
901,1727940495384115.2,"{'+RUNNING': 1.0, '+PENDING': -1.0}",,,,,1.0,-1.0,,
903,1727940495404102.5,"{'+RUNNING': -1.0, '+PENDING': 1.0}",,,,,-1.0,1.0,,
905,1727940495404256.5,"{'+RUNNING': 1.0, '+PENDING': -1.0}",,,,,1.0,-1.0,,
907,1727940495424358.2,"{'+RUNNING': -1.0, '+PENDING': 1.0}",,,,,-1.0,1.0,,
909,1727940495424440.2,"{'+RUNNING': 1.0, '+PENDING': -1.0}",,,,,1.0,-1.0,,
911,1727940495444615.2,"{'+RUNNING': -1.0, '+PENDING': 1.0}",,,,,-1.0,1.0,,
913,1727940495444709.0,"{'+RUNNING': 1.0, '+PENDING': -1.0}",,,,,1.0,-1.0,,
915,1727940495464874.8,"{'+RUNNING': -1.0, '+PENDING': 1.0}",,,,,-1.0,1.0,,
917,1727940495464980.0,"{'+RUNNING': 1.0, '+PENDING': -1.0}",,,,,1.0,-1.0,,
919,1727940495485052.5,"{'+RUNNING': -1.0, '+PENDING': 1.0}",,,,,-1.0,1.0,,
921,1727940495485138.0,"{'+RUNNING': 1.0, '+PENDING': -1.0}",,,,,1.0,-1.0,,
923,1727940495505258.2,"{'+RUNNING': -1.0, '+PENDING': 1.0}",,,,,-1.0,1.0,,
925,1727940495505393.2,"{'+RUNNING': 1.0, '+PENDING': -1.0}",,,,,1.0,-1.0,,
927,1727940495525511.8,"{'+RUNNING': -1.0, '+PENDING': 1.0}",,,,,-1.0,1.0,,
929,1727940495525623.8,"{'+RUNNING': 1.0, '+PENDING': -1.0}",,,,,1.0,-1.0,,
931,1727940495545780.2,"{'+RUNNING': -1.0, '+PENDING': 1.0}",,,,,-1.0,1.0,,
933,1727940495545862.2,"{'+RUNNING': 1.0, '+PENDING': -1.0}",,,,,1.0,-1.0,,
935,1727940495565996.5,"{'+RUNNING': -1.0, '+PENDING': 1.0}",,,,,-1.0,1.0,,
937,1727940495566157.0,"{'+RUNNING': 1.0, '+PENDING': -1.0}",,,,,1.0,-1.0,,
939,1727940495586258.5,"{'+RUNNING': -1.0, '+PENDING': 1.0}",,,,,-1.0,1.0,,
941,1727940495586357.0,"{'+RUNNING': 1.0, '+PENDING': -1.0}",,,,,1.0,-1.0,,
943,1727940495606528.5,"{'+RUNNING': -1.0, '+PENDING': 1.0}",,,,,-1.0,1.0,,
945,1727940495606605.5,"{'+RUNNING': 1.0, '+PENDING': -1.0}",,,,,1.0,-1.0,,
947,1727940495626598.0,"{'+RUNNING': -1.0, '+PENDING': 1.0}",,,,,-1.0,1.0,,
949,1727940495626672.2,"{'+RUNNING': 1.0, '+PENDING': -1.0}",,,,,1.0,-1.0,,
951,1727940495646780.8,"{'+RUNNING': -1.0, '+PENDING': 1.0}",,,,,-1.0,1.0,,
953,1727940495646881.5,"{'+RUNNING': 1.0, '+PENDING': -1.0}",,,,,1.0,-1.0,,
955,1727940495667478.2,"{'+RUNNING': -1.0, '+PENDING': 1.0}",,,,,-1.0,1.0,,
957,1727940495667606.8,"{'+RUNNING': 1.0, '+PENDING': -1.0}",,,,,1.0,-1.0,,
959,1727940495687666.2,"{'+RUNNING': -1.0, '+PENDING': 1.0}",,,,,-1.0,1.0,,
961,1727940495687747.5,"{'+RUNNING': 1.0, '+PENDING': -1.0}",,,,,1.0,-1.0,,
963,1727940495707825.2,"{'+RUNNING': -1.0, '+PENDING': 1.0}",,,,,-1.0,1.0,,
965,1727940495707936.8,"{'+RUNNING': 1.0, '+PENDING': -1.0}",,,,,1.0,-1.0,,
967,1727940495728008.5,"{'+RUNNING': -1.0, '+PENDING': 1.0}",,,,,-1.0,1.0,,
969,1727940495728121.2,"{'+RUNNING': 1.0, '+PENDING': -1.0}",,,,,1.0,-1.0,,
971,1727940495748211.5,"{'+RUNNING': -1.0, '+PENDING': 1.0}",,,,,-1.0,1.0,,
973,1727940495748294.5,"{'+RUNNING': 1.0, '+PENDING': -1.0}",,,,,1.0,-1.0,,
975,1727940495768401.0,"{'+RUNNING': -1.0, '+PENDING': 1.0}",,,,,-1.0,1.0,,
977,1727940495768495.0,"{'+RUNNING': 1.0, '+PENDING': -1.0}",,,,,1.0,-1.0,,
979,1727940495788528.0,"{'+RUNNING': -1.0, '+PENDING': 1.0}",,,,,-1.0,1.0,,
981,1727940495788608.8,"{'+RUNNING': 1.0, '+PENDING': -1.0}",,,,,1.0,-1.0,,
983,1727940495809062.5,"{'+RUNNING': -1.0, '+PENDING': 1.0}",,,,,-1.0,1.0,,
985,1727940495809198.8,"{'+RUNNING': 1.0, '+PENDING': -1.0}",,,,,1.0,-1.0,,
987,1727940495831009.8,"{'+RUNNING': -1.0, '+PENDING': 1.0}",,,,,-1.0,1.0,,
989,1727940495831146.8,"{'+RUNNING': 1.0, '+PENDING': -1.0}",,,,,1.0,-1.0,,
991,1727940495851305.0,"{'+RUNNING': -1.0, '+PENDING': 1.0}",,,,,-1.0,1.0,,
993,1727940495851441.5,"{'+RUNNING': 1.0, '+PENDING': -1.0}",,,,,1.0,-1.0,,
995,1727940495871520.0,"{'+RUNNING': -1.0, '+PENDING': 1.0}",,,,,-1.0,1.0,,
997,1727940495871645.5,"{'+RUNNING': 1.0, '+PENDING': -1.0}",,,,,1.0,-1.0,,
999,1727940495891764.2,"{'+RUNNING': -1.0, '+PENDING': 1.0}",,,,,-1.0,1.0,,
1001,1727940495891927.8,"{'+RUNNING': 1.0, '+PENDING': -1.0}",,,,,1.0,-1.0,,
1003,1727940495914633.8,"{'+RUNNING': -1.0, '+PENDING': 1.0}",,,,,-1.0,1.0,,
1005,1727940495914759.5,"{'+RUNNING': 1.0, '+PENDING': -1.0}",,,,,1.0,-1.0,,
1007,1727940495936171.0,{'=deviceKvCache': 1979.0},,,1979.0,,,,,
1008,1727940495936316.5,"{'+RUNNING': -1.0, '+END': 1.0}",,,,,-1.0,,1.0,
1009,1727940495936343.0,{'=replyTokenSize': 250.0},,,,,,,,250.0
1014,1727940495946321.8,{'=QueueSize': 0.0},,0.0,,,,,,
